Sounds\burpSounds\19tPF3TY3g0_split.wav,burp
Sounds\burpSounds\3ouVmTU1BXs_split.wav,burp
Sounds\burpSounds\g7Ie365gjIU_split.wav,burp
Sounds\burpSounds\is9cj2cMPCE_split.wav,burp
Sounds\burpSounds\IYhY5YQrvLs_split.wav,burp
Sounds\burpSounds\ssgJp1TpXtg_split.wav,burp
Sounds\burpSounds\Tfg9HjhpVlY_split.wav,burp
Sounds\gaspSounds\0KnYLPxGYf0_split.wav,gasp
Sounds\gaspSounds\4bU0HWzCXMc_split.wav,gasp
Sounds\gaspSounds\5jcOgP-zeTg_split.wav,gasp
Sounds\gaspSounds\8jW0gmW9SAY_split.wav,gasp
Sounds\gaspSounds\a9QCiMuyVjQ_split.wav,gasp
Sounds\gaspSounds\a_La3oXEbTw_split.wav,gasp
Sounds\gaspSounds\B-EO_CbvXnA_split.wav,gasp
Sounds\gaspSounds\C27eNiXJAHg_split.wav,gasp
Sounds\gaspSounds\cwgGYQBCt5A_split.wav,gasp
Sounds\gaspSounds\FxEwKuTPw20_split.wav,gasp
Sounds\gaspSounds\GTek_WTbziQ_split.wav,gasp
Sounds\gaspSounds\Jbn8Lc7WN-U_split.wav,gasp
Sounds\gaspSounds\Pdd2UAQu28g_split.wav,gasp
Sounds\gaspSounds\RUhCx_C5eNw_split.wav,gasp
Sounds\gaspSounds\TzbvHCxjsZI_split.wav,gasp
Sounds\gaspSounds\XIGtpkq5u6w_split.wav,gasp
Sounds\gaspSounds\Z2rMIZs3j8M_split.wav,gasp
Sounds\gaspSounds\_dHlpsz-hhA_split.wav,gasp
Sounds\groanSounds\Awmz5L-c58I_split.wav,groan
Sounds\groanSounds\cez0fMA4jR8_split.wav,groan
Sounds\groanSounds\chCQAz0nQ8A_split.wav,groan
Sounds\groanSounds\FeQpsdmh_cQ_split.wav,groan
Sounds\groanSounds\h69Abo_MwTE_split.wav,groan
Sounds\groanSounds\ivAZXsf6_zs_split.wav,groan
Sounds\groanSounds\q-532qrgyUA_split.wav,groan
Sounds\groanSounds\s7ArmRwnPbk_split.wav,groan
Sounds\groanSounds\SPvRS-s_OKw_split.wav,groan
Sounds\groanSounds\SY2HVcJ1AsE_split.wav,groan
Sounds\gruntSounds\-KiAK66YwW8_split.wav,grunt
Sounds\gruntSounds\161-FGTcecc_split.wav,grunt
Sounds\gruntSounds\4oLGWPSXlKs_split.wav,grunt
Sounds\gruntSounds\5D9hddwhN_s_split.wav,grunt
Sounds\gruntSounds\8pAlUegRP_0_split.wav,grunt
Sounds\gruntSounds\badSQP4zArg_split.wav,grunt
Sounds\gruntSounds\bg6hNYmbI7c_split.wav,grunt
Sounds\gruntSounds\bKPNoeHvS3U_split.wav,grunt
Sounds\gruntSounds\bywbnEBx7xI_split.wav,grunt
Sounds\gruntSounds\ElXm1O5xroY_split.wav,grunt
Sounds\gruntSounds\FhkRnkHahb8_split.wav,grunt
Sounds\gruntSounds\iT7-zRLm7G0_split.wav,grunt
Sounds\gruntSounds\J6vSnjKqjAU_split.wav,grunt
Sounds\gruntSounds\JIAt20yy4FE_split.wav,grunt
Sounds\gruntSounds\LVC50-_mENk_split.wav,grunt
Sounds\gruntSounds\maBGQMZwkzE_split.wav,grunt
Sounds\gruntSounds\OZvosv-ApZA_split.wav,grunt
Sounds\gruntSounds\PhooBDRVdNw_split.wav,grunt
Sounds\gruntSounds\QTkGNFC0pE4_split.wav,grunt
Sounds\gruntSounds\REZ4EsC7Bmc_split.wav,grunt
Sounds\gruntSounds\V-lcHj45kOk_split.wav,grunt
Sounds\gruntSounds\VxwaA8abFL4_split.wav,grunt
Sounds\gruntSounds\_kIrhXxxxvk_split.wav,grunt
Sounds\pantingSounds\0JDlM0Wolms_split.wav,panting
Sounds\pantingSounds\6Q3bYo2UN8M_split.wav,panting
Sounds\pantingSounds\8hlrmVlVwQk_split.wav,panting
Sounds\pantingSounds\9qVi0zy9K3c_split.wav,panting
Sounds\pantingSounds\aZsy2kq3Va4_split.wav,panting
Sounds\pantingSounds\C7xhZvkBmHo_split.wav,panting
Sounds\pantingSounds\dea4JAuPit4_split.wav,panting
Sounds\pantingSounds\eAktBmaJyBs_split.wav,panting
Sounds\pantingSounds\EVxPhpPTVeU_split.wav,panting
Sounds\pantingSounds\F-xUKB-80TE_split.wav,panting
Sounds\pantingSounds\FSBgQlC7hR8_split.wav,panting
Sounds\pantingSounds\Fvng1_-sztw_split.wav,panting
Sounds\pantingSounds\FWOzVPT9nZI_split.wav,panting
Sounds\pantingSounds\IJCdaFo0pEo_split.wav,panting
Sounds\pantingSounds\J33agHBxiTw_split.wav,panting
Sounds\pantingSounds\JCYrKbHpSlQ_split.wav,panting
Sounds\pantingSounds\JWP10M-t0jo_split.wav,panting
Sounds\pantingSounds\lld_AJcucqI_split.wav,panting
Sounds\pantingSounds\MtnCg2VdOA8_split.wav,panting
Sounds\pantingSounds\Sff5MxoXCvI_split.wav,panting
Sounds\pantingSounds\ud70fc_P5g0_split.wav,panting
Sounds\pantingSounds\UJNZDeXDFD4_split.wav,panting
Sounds\pantingSounds\x-WH9Zz8Z_I_split.wav,panting
Sounds\pantingSounds\XEO3DdfIhMI_split.wav,panting
Sounds\pantingSounds\YUtrI5mnqKM_split.wav,panting
Sounds\pantingSounds\zZ9DK_AArSo_split.wav,panting
Sounds\pantingSounds\_CMi6njTXZc_split.wav,panting
Sounds\sneezeSounds\-oxqoh8EgGw_split.wav,sneeze
Sounds\sneezeSounds\0ey3c39Vll8_split.wav,sneeze
Sounds\sneezeSounds\7ItYW-0XFo0_split.wav,sneeze
Sounds\sneezeSounds\8B32v_APxZg_split.wav,sneeze
Sounds\sneezeSounds\A-E7TsAkUT4_split.wav,sneeze
Sounds\sneezeSounds\abSLhN9TLEw_split.wav,sneeze
Sounds\sneezeSounds\CIiZFckAT5M_split.wav,sneeze
Sounds\sneezeSounds\cN2hPN5zAAQ_split.wav,sneeze
Sounds\sneezeSounds\eOxI9f9gvqo_split.wav,sneeze
Sounds\sneezeSounds\Erib847YFwc_split.wav,sneeze
Sounds\sneezeSounds\EY9WIUNU1qw_split.wav,sneeze
Sounds\sneezeSounds\fIvj2yZLcVg_split.wav,sneeze
Sounds\sneezeSounds\gFtJiTh6EM8_split.wav,sneeze
Sounds\sneezeSounds\gvGLttTUjDM_split.wav,sneeze
Sounds\sneezeSounds\gY9rtF2vEOQ_split.wav,sneeze
Sounds\sneezeSounds\gyF_tG0M9cM_split.wav,sneeze
Sounds\sneezeSounds\h2ZgzMe6pqc_split.wav,sneeze
Sounds\sneezeSounds\Ig1BY5XogIc_split.wav,sneeze
Sounds\sneezeSounds\K6Ff4JRgj0s_split.wav,sneeze
Sounds\sneezeSounds\lLFTdmM7nSE_split.wav,sneeze
Sounds\sneezeSounds\m9l9Qr0odVA_split.wav,sneeze
Sounds\sneezeSounds\MF5oxE3J8Yw_split.wav,sneeze
Sounds\sneezeSounds\MvqUmfD92AE_split.wav,sneeze
Sounds\sneezeSounds\Mw6qbBeBvLM_split.wav,sneeze
Sounds\sneezeSounds\pbDO1W3OFFM_split.wav,sneeze
Sounds\sneezeSounds\R7X7RVx2HIg_split.wav,sneeze
Sounds\sneezeSounds\SNdKLFxQh-k_split.wav,sneeze
Sounds\sneezeSounds\VruWVPsPYNQ_split.wav,sneeze
Sounds\sneezeSounds\vZUVj_NLDP8_split.wav,sneeze
Sounds\sneezeSounds\XkvEg4aBdWs_split.wav,sneeze
Sounds\sneezeSounds\XVPapoUWaFY_split.wav,sneeze
Sounds\sneezeSounds\Z3jNWaspEZ8_split.wav,sneeze
Sounds\sneezeSounds\zhH3QeoBZDI_split.wav,sneeze
Sounds\sniffSounds\0OLpIiSBlfc_split.wav,sniff
Sounds\sniffSounds\0qUXJz4HH_E_split.wav,sniff
Sounds\sniffSounds\0Y2yEMQZFYY_split.wav,sniff
Sounds\sniffSounds\2tgV8Eaz9-U_split.wav,sniff
Sounds\sniffSounds\4K6GbEsq0xk_split.wav,sniff
Sounds\sniffSounds\4WkuPkkSCG0_split.wav,sniff
Sounds\sniffSounds\4yx_l1QFrzw_split.wav,sniff
Sounds\sniffSounds\7XMDKZQ0GKw_split.wav,sniff
Sounds\sniffSounds\827m22F9UOo_split.wav,sniff
Sounds\sniffSounds\8JmnE2C3Mqw_split.wav,sniff
Sounds\sniffSounds\8qwSJsL781E_split.wav,sniff
Sounds\sniffSounds\BBdwfm_jsns_split.wav,sniff
Sounds\sniffSounds\cVthqUjoiT0_split.wav,sniff
Sounds\sniffSounds\D1FG_2cv9L8_split.wav,sniff
Sounds\sniffSounds\d2WcEl5PHvw_split.wav,sniff
Sounds\sniffSounds\DqTWgefdYz8_split.wav,sniff
Sounds\sniffSounds\GpQa44BZc2U_split.wav,sniff
Sounds\sniffSounds\gVBPeamgFro_split.wav,sniff
Sounds\sniffSounds\hNGGQVVLXpA_split.wav,sniff
Sounds\sniffSounds\kbMrZ7BE9hg_split.wav,sniff
Sounds\sniffSounds\KZMg0ccZBjM_split.wav,sniff
Sounds\sniffSounds\LL4Un-7JW74_split.wav,sniff
Sounds\sniffSounds\M61Lfr2fI9s_split.wav,sniff
Sounds\sniffSounds\n-qlHKbwTzQ_split.wav,sniff
Sounds\sniffSounds\nnKaZpKrcWY_split.wav,sniff
Sounds\sniffSounds\p7hKXbUqKIA_split.wav,sniff
Sounds\sniffSounds\q0IHLkTusZ0_split.wav,sniff
Sounds\sniffSounds\qCf6y5SiqMU_split.wav,sniff
Sounds\sniffSounds\RTKrmcS2BWs_split.wav,sniff
Sounds\sniffSounds\scUEjO0ERX4_split.wav,sniff
Sounds\sniffSounds\UFnWoJ2Mu1M_split.wav,sniff
Sounds\sniffSounds\w24OpnMCoOA_split.wav,sniff
Sounds\sniffSounds\xeRwsXC7hGs_split.wav,sniff
Sounds\sniffSounds\Y6Gqm-gH7MQ_split.wav,sniff
Sounds\sniffSounds\YssVZMtZNjw_split.wav,sniff
Sounds\sniffSounds\zmsMSHy5K1o_split.wav,sniff
Sounds\sniffSounds\zO4UQjL8BuY_split.wav,sniff
Sounds\sniffSounds\ZYMAD6tYmCs_split.wav,sniff
Sounds\sniffSounds\_bNWx6FLpu0_split.wav,sniff
Sounds\sniffSounds\__lxDIpII74_split.wav,sniff
Sounds\snortSounds\2hyHI8DNWD4_split.wav,snort
Sounds\snortSounds\36afHU7dS2I_split.wav,snort
Sounds\snortSounds\5anf09_Xzy0_split.wav,snort
Sounds\snortSounds\5JgGd3Pj_4w_split.wav,snort
Sounds\snortSounds\8cb9HKbKRmA_split.wav,snort
Sounds\snortSounds\96O73OrYMH0_split.wav,snort
Sounds\snortSounds\cKR4rJ5LO-k_split.wav,snort
Sounds\snortSounds\d7PX7Pab_XY_split.wav,snort
Sounds\snortSounds\dilURSyhKcY_split.wav,snort
Sounds\snortSounds\DQ-uU0ueEBA_split.wav,snort
Sounds\snortSounds\dQzYTDJV754_split.wav,snort
Sounds\snortSounds\DzPgOLFJOzI_split.wav,snort
Sounds\snortSounds\fBDWL4vSlAE_split.wav,snort
Sounds\snortSounds\GeDXgtlqHvs_split.wav,snort
Sounds\snortSounds\GI9JQb6UZyc_split.wav,snort
Sounds\snortSounds\GLhehKexwd8_split.wav,snort
Sounds\snortSounds\Gw-bS9QHocA_split.wav,snort
Sounds\snortSounds\IJbKLkj_-TM_split.wav,snort
Sounds\snortSounds\JrfebzkUMyk_split.wav,snort
Sounds\snortSounds\l8cLQ1s2U7g_split.wav,snort
Sounds\snortSounds\lbwwB1Tbbxo_split.wav,snort
Sounds\snortSounds\lu3jRbYs780_split.wav,snort
Sounds\snortSounds\m6PtVTwG4UI_split.wav,snort
Sounds\snortSounds\MoXLaJtNCYI_split.wav,snort
Sounds\snortSounds\MuX_WLoOItE_split.wav,snort
Sounds\snortSounds\Nhu0dY2SpYU_split.wav,snort
Sounds\snortSounds\nv0fUg5Y0I0_split.wav,snort
Sounds\snortSounds\PBQ4OAC215M_split.wav,snort
Sounds\snortSounds\qWNanl8o-mM_split.wav,snort
Sounds\snortSounds\r4rxsWjsrpM_split.wav,snort
Sounds\snortSounds\rpxqIoFfs1Q_split.wav,snort
Sounds\snortSounds\rui3kVWgTUc_split.wav,snort
Sounds\snortSounds\s2O6T_2K0V4_split.wav,snort
Sounds\snortSounds\T7rFcuQU_IE_split.wav,snort
Sounds\snortSounds\tTDOCqIqlzU_split.wav,snort
Sounds\snortSounds\u8ptJ3t-IgU_split.wav,snort
Sounds\snortSounds\unG5jJy6fyo_split.wav,snort
Sounds\snortSounds\V64SCgmcKNE_split.wav,snort
Sounds\snortSounds\vH-1DtGfSDQ_split.wav,snort
Sounds\snortSounds\WiVLgHykmFc_split.wav,snort
Sounds\snortSounds\XoddRMvLfnw_split.wav,snort
Sounds\snortSounds\Zh9sTcXFQ_I_split.wav,snort
Sounds\snortSounds\zPNrHTkk-hw_split.wav,snort
Sounds\throatClearingSounds\-fURq3jhY1Y_split.wav,throatClearing
Sounds\throatClearingSounds\4WyFn2L44m0_split.wav,throatClearing
Sounds\throatClearingSounds\8cM-69gMf5g_split.wav,throatClearing
Sounds\throatClearingSounds\I5MfWDvGp5Y_split.wav,throatClearing
Sounds\throatClearingSounds\IPo39x2BV9c_split.wav,throatClearing
Sounds\throatClearingSounds\jTyHWJ8A8lw_split.wav,throatClearing
Sounds\throatClearingSounds\lds-qZiYV7A_split.wav,throatClearing
Sounds\throatClearingSounds\O35jXasNYxc_split.wav,throatClearing
Sounds\throatClearingSounds\OMfDX69_RUk_split.wav,throatClearing
Sounds\throatClearingSounds\zvI0DL8hl14_split.wav,throatClearing
Sounds\wheezeSounds\6J0Emf3BQ8k_split.wav,wheeze
Sounds\wheezeSounds\aTtFjajpi3Y_split.wav,wheeze
Sounds\wheezeSounds\BWfsqYJSCAA_split.wav,wheeze
Sounds\wheezeSounds\cguaj4Bk5c0_split.wav,wheeze
Sounds\wheezeSounds\HucapaDsAhg_split.wav,wheeze
Sounds\wheezeSounds\IvfCYhQXLd0_split.wav,wheeze
Sounds\wheezeSounds\jerBFHnx9es_split.wav,wheeze
Sounds\wheezeSounds\JtSqLgLn2OQ_split.wav,wheeze
Sounds\wheezeSounds\kQCy7XXb7Ws_split.wav,wheeze
Sounds\wheezeSounds\NPVIL-WOOM4_split.wav,wheeze
Sounds\wheezeSounds\OWXJL2QT9QY_split.wav,wheeze
Sounds\wheezeSounds\pDoCgld4xII_split.wav,wheeze
Sounds\wheezeSounds\rlgtcjChCSE_split.wav,wheeze
Sounds\wheezeSounds\sgs0pr3vzbM_split.wav,wheeze
Sounds\wheezeSounds\SzTRYOdYcbw_split.wav,wheeze
Sounds\wheezeSounds\TL69HIcUSxo_split.wav,wheeze
Sounds\wheezeSounds\u9suS-TECq4_split.wav,wheeze
Sounds\wheezeSounds\um7oN8j9nTU_split.wav,wheeze
Sounds\wheezeSounds\vUN3Q4zAwqI_split.wav,wheeze
Sounds\wheezeSounds\ynh-t49MCMo_split.wav,wheeze
Sounds\whistlingSounds\2VJnW7INAOI_split.wav,whistling
Sounds\whistlingSounds\2_itHv9t7Ho_split.wav,whistling
Sounds\whistlingSounds\3rGHjZMdW4Y_split.wav,whistling
Sounds\whistlingSounds\6c6uMuN42bk_split.wav,whistling
Sounds\whistlingSounds\7g2YcKAGiMM_split.wav,whistling
Sounds\whistlingSounds\7jgUDd8cDXo_split.wav,whistling
Sounds\whistlingSounds\9bIchzOP8PA_split.wav,whistling
Sounds\whistlingSounds\9KOVeB4rAQY_split.wav,whistling
Sounds\whistlingSounds\9qD1Q8z8MFQ_split.wav,whistling
Sounds\whistlingSounds\A8sju2x5nhE_split.wav,whistling
Sounds\whistlingSounds\aDmhcvIIpgY_split.wav,whistling
Sounds\whistlingSounds\aomaneVgUs0_split.wav,whistling
Sounds\whistlingSounds\DrbKZ9VFuw4_split.wav,whistling
Sounds\whistlingSounds\Ep2hoGjt_Hk_split.wav,whistling
Sounds\whistlingSounds\fIPsH57dZIY_split.wav,whistling
Sounds\whistlingSounds\FQdQhV1yjfc_split.wav,whistling
Sounds\whistlingSounds\FUXSq44CbHo_split.wav,whistling
Sounds\whistlingSounds\g6R02u-Ck_E_split.wav,whistling
Sounds\whistlingSounds\Gax-5J_0MLM_split.wav,whistling
Sounds\whistlingSounds\GtXqbyYA7Ro_split.wav,whistling
Sounds\whistlingSounds\gUnmimbP_lE_split.wav,whistling
Sounds\whistlingSounds\IWxlWrfpk_g_split.wav,whistling
Sounds\whistlingSounds\iyn1OZFmvXE_split.wav,whistling
Sounds\whistlingSounds\jpXQ-dD2-bk_split.wav,whistling
Sounds\whistlingSounds\jxKqOOd2CY4_split.wav,whistling
Sounds\whistlingSounds\k3ep6MFhINI_split.wav,whistling
Sounds\whistlingSounds\lMBDn8ExqCI_split.wav,whistling
Sounds\whistlingSounds\LwE3Jt6Q78M_split.wav,whistling
Sounds\whistlingSounds\mKtM5YPwgQk_split.wav,whistling
Sounds\whistlingSounds\MM0_2pgWQqA_split.wav,whistling
Sounds\whistlingSounds\NETQtgbQ9-s_split.wav,whistling
Sounds\whistlingSounds\o9nKX542J9c_split.wav,whistling
Sounds\whistlingSounds\ojvtp3aHKdc_split.wav,whistling
Sounds\whistlingSounds\Q4OHaBzqqBY_split.wav,whistling
Sounds\whistlingSounds\qT_dYTeR8h8_split.wav,whistling
Sounds\whistlingSounds\rII2rBqRz9Q_split.wav,whistling
Sounds\whistlingSounds\SqsmuNOtmwM_split.wav,whistling
Sounds\whistlingSounds\suzQIm1cgCI_split.wav,whistling
Sounds\whistlingSounds\VXFyLX6z0V8_split.wav,whistling
Sounds\whistlingSounds\XrKDtjFM9Ec_split.wav,whistling
Sounds\whistlingSounds\yNjUikl9arQ_split.wav,whistling
Sounds\whistlingSounds\Z46Phs4zxvA_split.wav,whistling
Sounds\whistlingSounds\zWqvlnU-Kq8_split.wav,whistling
Sounds\whistlingSounds\_H4iHqtGlAY_split.wav,whistling
